,iphone,galaxy,htc,lg,pixel,iphone galaxy,iphone htc,iphone lg,iphone pixel,galaxy htc,galaxy lg,galaxy pixel,htc lg,htc pixel,lg pixel
2016-09-04,5125.0,833.0,965.0,582.0,1877.0,210.0,131.0,67.0,370.0,80.0,43.0,82.0,89.0,156.0,59.0
2016-09-11,3163.0,575.0,596.0,470.0,1352.0,139.0,96.0,57.0,172.0,50.0,35.0,59.0,68.0,100.0,41.0
2016-09-18,5917.0,1742.0,1802.0,1189.0,4853.0,554.0,316.0,193.0,1576.0,109.0,100.0,348.0,207.0,477.0,244.0
2016-09-25,3703.0,1562.0,849.0,1042.0,3139.0,239.0,129.0,121.0,573.0,72.0,69.0,133.0,116.0,199.0,187.0
2016-10-02,3384.0,746.0,702.0,791.0,3384.0,135.0,107.0,74.0,657.0,39.0,41.0,136.0,54.0,224.0,118.0
2016-10-09,3616.0,657.0,642.0,603.0,3221.0,156.0,86.0,77.0,608.0,45.0,36.0,133.0,78.0,164.0,106.0
2016-10-16,3301.0,509.0,362.0,537.0,2070.0,137.0,65.0,67.0,343.0,36.0,38.0,77.0,57.0,73.0,73.0
2016-10-23,1599.0,588.0,551.0,480.0,1415.0,146.0,98.0,91.0,239.0,137.0,132.0,101.0,123.0,105.0,86.0
2016-10-30,2198.0,371.0,396.0,429.0,1524.0,59.0,39.0,33.0,246.0,22.0,18.0,67.0,50.0,66.0,46.0
2016-11-06,1442.0,424.0,513.0,528.0,1294.0,74.0,47.0,23.0,155.0,23.0,25.0,62.0,45.0,74.0,57.0
2016-11-13,1488.0,312.0,337.0,260.0,1213.0,64.0,45.0,24.0,216.0,17.0,15.0,50.0,43.0,97.0,43.0
2016-11-20,2121.0,660.0,506.0,668.0,1567.0,77.0,39.0,35.0,221.0,23.0,28.0,64.0,48.0,56.0,47.0
2016-11-27,1702.0,356.0,418.0,521.0,1162.0,58.0,30.0,26.0,147.0,18.0,19.0,45.0,41.0,54.0,47.0
2016-12-04,1395.0,388.0,330.0,571.0,958.0,45.0,30.0,42.0,131.0,14.0,17.0,39.0,36.0,43.0,50.0
2016-12-11,1969.0,523.0,445.0,655.0,1019.0,81.0,53.0,56.0,185.0,39.0,37.0,56.0,56.0,55.0,55.0
2016-12-18,1750.0,495.0,367.0,533.0,876.0,80.0,43.0,54.0,144.0,22.0,29.0,42.0,59.0,48.0,49.0
2016-12-25,2601.0,736.0,1111.0,669.0,1335.0,258.0,183.0,172.0,268.0,129.0,106.0,79.0,136.0,156.0,55.0
2017-01-01,1444.0,488.0,346.0,402.0,1351.0,87.0,28.0,40.0,239.0,33.0,42.0,69.0,47.0,64.0,72.0
2017-01-08,1340.0,444.0,348.0,780.0,1217.0,68.0,36.0,34.0,192.0,19.0,27.0,56.0,48.0,58.0,51.0
2017-01-15,1414.0,396.0,308.0,471.0,1071.0,69.0,39.0,32.0,148.0,21.0,25.0,40.0,60.0,39.0,35.0
2017-01-22,969.0,458.0,328.0,531.0,661.0,49.0,34.0,22.0,78.0,27.0,30.0,31.0,45.0,31.0,36.0
2017-01-29,1515.0,543.0,426.0,509.0,960.0,92.0,55.0,36.0,176.0,44.0,38.0,64.0,48.0,49.0,38.0
2017-02-05,1162.0,422.0,362.0,616.0,835.0,56.0,42.0,42.0,111.0,35.0,33.0,48.0,64.0,45.0,55.0
2017-02-12,1692.0,450.0,202.0,663.0,1231.0,85.0,24.0,35.0,175.0,10.0,41.0,68.0,40.0,35.0,55.0
2017-02-19,1021.0,360.0,186.0,439.0,769.0,40.0,15.0,29.0,99.0,9.0,21.0,28.0,21.0,35.0,43.0
2017-02-26,1173.0,418.0,464.0,488.0,828.0,83.0,50.0,38.0,122.0,30.0,40.0,69.0,51.0,62.0,40.0
2017-03-05,1479.0,440.0,400.0,380.0,947.0,83.0,35.0,29.0,97.0,23.0,21.0,49.0,41.0,41.0,35.0
2017-03-12,1757.0,637.0,375.0,461.0,1224.0,118.0,35.0,50.0,175.0,20.0,35.0,82.0,57.0,75.0,69.0
2017-03-19,1557.0,621.0,319.0,556.0,1058.0,92.0,33.0,47.0,154.0,28.0,43.0,72.0,38.0,41.0,57.0
2017-03-26,1446.0,406.0,281.0,485.0,774.0,79.0,34.0,38.0,112.0,18.0,27.0,40.0,43.0,44.0,57.0
2017-04-02,1403.0,698.0,395.0,481.0,1144.0,117.0,31.0,52.0,166.0,20.0,40.0,104.0,50.0,51.0,65.0
2017-04-09,1462.0,520.0,321.0,400.0,1371.0,98.0,32.0,44.0,238.0,22.0,40.0,59.0,40.0,65.0,68.0
2017-04-16,1793.0,555.0,552.0,442.0,1272.0,117.0,58.0,45.0,220.0,40.0,36.0,78.0,64.0,93.0,50.0
2017-04-23,941.0,323.0,269.0,341.0,732.0,38.0,18.0,26.0,78.0,14.0,39.0,35.0,37.0,37.0,39.0
2017-04-30,1057.0,315.0,678.0,343.0,796.0,59.0,61.0,32.0,109.0,36.0,38.0,32.0,77.0,73.0,36.0
2017-05-07,1216.0,375.0,375.0,379.0,706.0,69.0,35.0,21.0,122.0,22.0,32.0,38.0,43.0,44.0,45.0
2017-05-14,1346.0,447.0,463.0,352.0,933.0,86.0,36.0,47.0,141.0,29.0,33.0,76.0,56.0,80.0,55.0
2017-05-21,2075.0,428.0,450.0,388.0,1240.0,109.0,82.0,45.0,192.0,29.0,34.0,57.0,49.0,55.0,56.0
2017-05-28,1370.0,395.0,422.0,526.0,1309.0,63.0,52.0,51.0,162.0,22.0,31.0,60.0,58.0,62.0,84.0
2017-06-04,1644.0,486.0,426.0,679.0,1232.0,80.0,64.0,47.0,153.0,27.0,52.0,54.0,78.0,59.0,73.0
2017-06-11,1786.0,655.0,510.0,630.0,1149.0,118.0,65.0,61.0,160.0,46.0,52.0,78.0,87.0,72.0,99.0
2017-06-18,1353.0,378.0,320.0,479.0,908.0,88.0,34.0,54.0,114.0,27.0,26.0,35.0,44.0,37.0,59.0
2017-06-25,1378.0,359.0,518.0,697.0,1236.0,67.0,43.0,48.0,133.0,23.0,34.0,48.0,95.0,71.0,124.0
2017-07-02,1085.0,444.0,485.0,499.0,762.0,110.0,63.0,71.0,93.0,79.0,82.0,58.0,84.0,49.0,73.0
2017-07-09,1395.0,456.0,379.0,527.0,1078.0,102.0,59.0,57.0,154.0,41.0,38.0,58.0,72.0,65.0,69.0
2017-07-16,2092.0,554.0,459.0,999.0,1924.0,107.0,45.0,67.0,275.0,28.0,54.0,80.0,104.0,103.0,167.0
2017-07-23,1697.0,477.0,322.0,617.0,1373.0,92.0,37.0,49.0,198.0,20.0,42.0,65.0,62.0,71.0,105.0
2017-07-30,1507.0,424.0,464.0,722.0,1250.0,69.0,31.0,37.0,143.0,29.0,42.0,63.0,91.0,92.0,105.0
2017-08-06,2025.0,508.0,368.0,644.0,1604.0,55.0,23.0,50.0,178.0,26.0,29.0,45.0,88.0,72.0,97.0
2017-08-13,2515.0,593.0,330.0,1400.0,1484.0,112.0,34.0,97.0,150.0,25.0,68.0,64.0,79.0,69.0,180.0
2017-08-20,1880.0,462.0,509.0,626.0,1399.0,102.0,39.0,62.0,162.0,29.0,36.0,72.0,73.0,85.0,111.0
2017-08-27,7003.0,1241.0,491.0,1210.0,2473.0,373.0,94.0,201.0,538.0,33.0,79.0,124.0,102.0,89.0,195.0
2017-09-03,5360.0,906.0,1188.0,1001.0,2536.0,255.0,90.0,115.0,500.0,52.0,79.0,129.0,122.0,197.0,193.0
2017-09-10,3329.0,489.0,327.0,742.0,1857.0,136.0,25.0,57.0,250.0,15.0,33.0,74.0,65.0,68.0,119.0
2017-09-17,4393.0,1031.0,750.0,1815.0,4304.0,227.0,96.0,184.0,883.0,37.0,95.0,239.0,163.0,226.0,497.0
2017-09-24,2945.0,814.0,448.0,997.0,2910.0,184.0,70.0,118.0,364.0,65.0,86.0,154.0,65.0,96.0,209.0
2017-10-01,2864.0,647.0,621.0,1327.0,3642.0,125.0,55.0,103.0,566.0,33.0,79.0,162.0,137.0,164.0,358.0
2017-10-08,4011.0,740.0,607.0,1939.0,3713.0,127.0,57.0,138.0,501.0,25.0,78.0,161.0,175.0,186.0,431.0
2017-10-15,4689.0,727.0,665.0,973.0,3015.0,181.0,71.0,102.0,427.0,70.0,75.0,124.0,115.0,145.0,189.0
2017-10-22,4643.0,690.0,367.0,619.0,2421.0,201.0,43.0,87.0,506.0,30.0,45.0,101.0,56.0,59.0,126.0
2017-10-29,3116.0,473.0,311.0,539.0,1861.0,105.0,32.0,52.0,281.0,15.0,33.0,69.0,55.0,65.0,117.0
2017-11-05,2756.0,449.0,274.0,427.0,1637.0,92.0,24.0,48.0,239.0,22.0,28.0,47.0,41.0,46.0,75.0
2017-11-12,2547.0,429.0,241.0,743.0,1202.0,91.0,22.0,76.0,171.0,20.0,41.0,43.0,48.0,42.0,94.0
2017-11-19,2343.0,345.0,199.0,388.0,1070.0,67.0,25.0,34.0,159.0,11.0,27.0,40.0,32.0,38.0,57.0
2017-11-26,1804.0,258.0,132.0,278.0,1167.0,42.0,11.0,21.0,148.0,7.0,14.0,45.0,23.0,21.0,59.0
2017-12-03,3038.0,453.0,200.0,356.0,1230.0,101.0,32.0,38.0,240.0,17.0,19.0,53.0,38.0,41.0,49.0
2017-12-10,3606.0,619.0,466.0,651.0,1380.0,134.0,45.0,59.0,242.0,23.0,36.0,73.0,60.0,39.0,80.0
2017-12-17,1903.0,413.0,231.0,413.0,1037.0,81.0,26.0,28.0,140.0,18.0,28.0,48.0,30.0,41.0,60.0
2017-12-24,1847.0,350.0,301.0,449.0,805.0,67.0,27.0,31.0,115.0,22.0,24.0,46.0,66.0,24.0,41.0
