,iphone galaxy,iphone htc,iphone lg,iphone pixel,galaxy htc,galaxy lg,galaxy pixel,htc lg,htc pixel,lg pixel
1,1142,672,438,2691,311,247,622,480,932,531
2,574,356,309,1847,257,247,447,312,566,383
3,274,170,115,838,85,86,243,186,293,193
4,264,156,178,607,93,102,182,192,200,201
5,482,286,278,847,202,200,244,291,317,213
6,282,155,135,540,116,142,211,197,160,184
7,324,135,146,493,82,117,228,170,213,187
8,324,135,146,493,82,117,228,170,213,187
9,386,130,181,670,88,150,275,171,201,247
10,283,172,124,529,112,145,183,221,247,170
11,338,234,190,648,107,150,247,241,256,268
12,383,205,234,500,175,194,219,310,229,355
13,370,172,210,770,118,176,266,329,331,446
14,642,190,410,1028,113,212,305,342,315,583
15,802,281,474,1997,169,293,596,415,587,1018
16,634,226,430,2000,158,277,548,483,554,1104
17,355,103,210,850,68,129,199,176,191,343
18,358,114,146,770,65,97,219,151,142,248